Top pages,Clicks,Impressions,CTR,Position
https://ohioparenthub.com/,2,6,33.33%,6.67
https://ohioparenthub.com/daycares/newark,0,28,0%,29.21
https://ohioparenthub.com/daycares/lorain,0,16,0%,9.12
https://ohioparenthub.com/daycares/zanesville,0,16,0%,12.81
https://ohioparenthub.com/daycares/marion,0,15,0%,12.2
https://ohioparenthub.com/daycares/hamilton,0,13,0%,10.38
https://ohioparenthub.com/daycare/2200022034-a-million-dreams-learning-center-milford,0,9,0%,10.22
https://ohioparenthub.com/daycares/west-union,0,8,0%,7.62
https://ohioparenthub.com/daycares/north-ridgeville,0,8,0%,28.88
https://ohioparenthub.com/daycares/canal-winchester,0,7,0%,7.86
https://ohioparenthub.com/daycares/fremont,0,7,0%,9.14
https://ohioparenthub.com/daycares/ontario,0,7,0%,15.57
https://ohioparenthub.com/daycares/willoughby,0,5,0%,36.6
https://ohioparenthub.com/daycares/anna,0,4,0%,9.5
https://www.ohioparenthub.com/,0,4,0%,51
https://ohioparenthub.com/daycares/east-cleveland,0,3,0%,7.67
https://ohioparenthub.com/daycares/maple-heights,0,3,0%,8
https://ohioparenthub.com/daycares/commercial-point,0,3,0%,8.33
https://ohioparenthub.com/daycare/2240030708-barrel-of-monkeys-childcare-and-preschool-2-austintown,0,3,0%,8.67
https://ohioparenthub.com/daycare/2230028908-glcap-clyde-summer-and-afterschool-program-clyde,0,3,0%,18.67
https://ohioparenthub.com/daycare/1170015776-olentangy-shanahan-preschool-lewis-center,0,2,0%,9.5
https://ohioparenthub.com/daycare/307865-hope-ridge-preschool-inc-concord-twp,0,2,0%,10
https://ohioparenthub.com/daycare/2190020763-children-s-discovery-place-lewis-center,0,2,0%,13.5
https://ohioparenthub.com/daycare/1200022142-tree-of-life-christian-schools-lewis-center,0,2,0%,14.5
https://ohioparenthub.com/daycares/camden,0,2,0%,16
https://ohioparenthub.com/daycare/2230028274-little-leaders-preschool-llc-east-liverpool,0,1,0%,1
https://ohioparenthub.com/daycare/406680-good-hope-christian-preschool-bucyrus,0,1,0%,4
https://ohioparenthub.com/daycare/408811-adams-lane-head-start-zanesville,0,1,0%,4
https://ohioparenthub.com/daycares/caledonia,0,1,0%,5
https://ohioparenthub.com/cities,0,1,0%,7
https://ohioparenthub.com/daycare/405862-the-growing-tree-preschool-athens,0,1,0%,9
https://ohioparenthub.com/daycare/2240030006-empower-sports-and-camps-lewis-center-lewis-center,0,1,0%,10
https://ohioparenthub.com/daycares/stony-ridge,0,1,0%,10
https://ohioparenthub.com/daycares/canal-wincheste,0,1,0%,11
https://ohioparenthub.com/daycares/new-madison,0,1,0%,13
https://ohioparenthub.com/daycare/2200021380-ms-dawn-s-babies-north-ridgeville,0,1,0%,66