Top queries,Clicks,Impressions,CTR,Position
a million dreams learning center,0,7,0%,9.57
"eagles nest daycare, child care service, west union",0,5,0%,7.4
newark daycare,0,5,0%,76.2
dare to dream daycare,0,4,0%,8.75
dayspring preschool,0,3,0%,6
genuine child care newark ohio,0,3,0%,8.33
barrel of monkeys daycare,0,3,0%,8.67
sundale kids,0,3,0%,19.67
"clover hill early learning center, child care service, ontario",0,3,0%,23
willoughby united methodist preschool,0,3,0%,27.67
royal child academy canal winchester,0,2,0%,7
"sundale kids, child care service, zanesville",0,2,0%,13
daycare center,0,2,0%,15.5
"careytown preschool and child care center, day care, zanesville",0,2,0%,20
primrose school of north ridgeville,0,2,0%,28.5
good hope preschool,0,1,0%,4
genuine child care,0,1,0%,6
eagles nest daycare west union ohio,0,1,0%,7
dare to dream learning academy,0,1,0%,8
dayspring christian preschool,0,1,0%,8
hope ridge preschool,0,1,0%,8
ontario daycare,0,1,0%,8
boss babies daycare,0,1,0%,9
ontario preschool,0,1,0%,9
y preschool,0,1,0%,9
empower lewis center,0,1,0%,10
helping hands daycare,0,1,0%,10
daycares near me,0,1,0%,12
discovery kids daycare,0,1,0%,12
pebbles daycare,0,1,0%,12
nursery school,0,1,0%,13
a million dreams daycare,0,1,0%,14
"abc academy of fremont, day care, fremont",0,1,0%,16
childcare find,0,1,0%,17
little lions daycare,0,1,0%,17
"glcap early childhood programs – clyde center: clyde, ohio",0,1,0%,19
advantage early learning academy marion ohio,0,1,0%,21
child care newark,0,1,0%,44
leads head start newark,0,1,0%,68
newark city schools preschool,0,1,0%,69